[
    {
        "id": 1,
        "videoUrl": "1Digitalization; Where to start_.mp4",
        "imgUrl": "/db/1.jpg",
        "videoTitle": "Digitalization - Where to start",
        "publisher": "Rick Astley",
        "publisherImg": "https://yt3.googleusercontent.com/coJBIm7rugfAkdb9_cw5Lry2NDnfSYDjL5MBu_R2st_YCLsZtDxYu28h2EAJzPfY8qudaF8U=s160-c-k-c0x00ffffff-no-rj",
        "views": "100K",
        "date": "2021-10-01",
        "info": "Never Gonna Give You Up” was a global smash on its release in July 1987, topping the charts in 25 countries including Rick’s native UK and the US Billboard Hot 100.  It also won the Brit Award for Best single in 1988. Stock Aitken and Waterman wrote and produced the track which was the lead-off single and lead track from Rick’s debut LP “Whenever You Need Somebody”.  The album was itself a UK number one and would go on to sell over 15 million copies worldwide.",
        "RelatedVideos":[{"id":1}, {"id":2}, {"id":3}, {"id":4}],
        "comments": [
            {
                "id": 1,
                "username": "Aviel Segev",
                "image": "https://yt3.googleusercontent.com/ytc/AIdro_lgc0FWvqzHcPWLvYhyWf2MVYMjSd5zREJ6uhRrfYdfFCw=s160-c-k-c0x00ffffff-no-rj",
                "date": "2021-10-01",
                "comment": "חרא",
                "likes": 5
            },
            {
                "id": 2,
                "username": "Kobi Hadad",
                "image": "https://yt3.googleusercontent.com/ytc/AIdro_lgc0FWvqzHcPWLvYhyWf2MVYMjSd5zREJ6uhRrfYdfFCw=s160-c-k-c0x00ffffff-no-rj",
                "date": "2021-10-01",
                "comment": "דווקא יפה",
                "likes": 0
            },
            {
                "id": 3,
                "username": "Roi shukrun",
                "image": "https://yt3.googleusercontent.com/ytc/AIdro_lgc0FWvqzHcPWLvYhyWf2MVYMjSd5zREJ6uhRrfYdfFCw=s160-c-k-c0x00ffffff-no-rj",
                "date": "2024-02-01",
                "comment": "מסכים עם אביאל",
                "likes": 90
            },
            {
                "id": 4,
                "username": "anonymous",
                "image": "https://yt3.googleusercontent.com/ytc/AIdro_lgc0FWvqzHcPWLvYhyWf2MVYMjSd5zREJ6uhRrfYdfFCw=s160-c-k-c0x00ffffff-no-rj",
                "date": "2024-09-01",
                "comment": "קטלני",
                "likes": 0
            }
        ]
    },
    {
        "id": 2,
        "videoUrl": "2Technology Background Video Loop For Website (1).mp4",
        "imgUrl": "/db/2.jpg",
        "videoTitle": "Technology Background Video Loop For Website",
        "publisher": "רותם שפירו",
        "publisherImg": "https://yt3.googleusercontent.com/ytc/AIdro_k_gRroJHBbnId9B8cnzCyhnDPHXTFO11rRn7a07Dr5fa5a=s160-c-k-c0x00ffffff-no-rj",
        "views": "10K",
        "date": "2021-10-01",
        "info": "החברים של נאור עונה 3 פרק 5 פרק מלא",
        "RelatedVideos":[{"id":1}, {"id":2}, {"id":3}, {"id":4}],
        "comments": [
            {
                "id": 1,
                "username": "Aviel Segev",
                "image": "https://yt3.googleusercontent.com/ytc/AIdro_lgc0FWvqzHcPWLvYhyWf2MVYMjSd5zREJ6uhRrfYdfFCw=s160-c-k-c0x00ffffff-no-rj",
                "date": "2021-10-01",
                "comment": "חרא",
                "likes": 5
            },
            {
                "id": 2,
                "username": "Aviel Segev",
                "image": "https://yt3.googleusercontent.com/ytc/AIdro_lgc0FWvqzHcPWLvYhyWf2MVYMjSd5zREJ6uhRrfYdfFCw=s160-c-k-c0x00ffffff-no-rj",
                "date": "2021-10-01",
                "comment": "חרא",
                "likes": 5
            }
        ]
    },
    {
        "id": 3,
        "videoUrl": "3 10 MINUTE DINNER! The Best Honey Garlic Chicken Recipe.mp4",
        "imgUrl": "/db/3.jpg",
        "videoTitle": "10 MINUTE DINNER! The Best Honey Garlic Chicken Recipe",
        "publisher": "Omer Adam",
        "publisherImg": "https://yt3.googleusercontent.com/dO8Cceik6juhmVVlsXPyu8ziO5ozc0kw8DI07uxxraplE9IawqLWXSrOJziCqmg-Y3E8ttkmEzo=s160-c-k-c0x00ffffff-no-rj",
        "views": "1.5M",
        "date": "2021-10-01",
        "info":"ביצוע מילים ולחן: עומר אדם, שי ״שרק״ הורוביץ ואבי אוחיון",
        "RelatedVideos":[{"id":1}, {"id":2}, {"id":3}, {"id":4}],
        "comments": [
            {
                "id": 1,
                "username": "Aviel Segev",
                "image": "https://yt3.googleusercontent.com/ytc/AIdro_lgc0FWvqzHcPWLvYhyWf2MVYMjSd5zREJ6uhRrfYdfFCw=s160-c-k-c0x00ffffff-no-rj",
                "date": "2021-10-01",
                "comment": "חרא",
                "likes": 5
            }
        ]
    },
    {
        "id": 4,
        "videoUrl": "4Road Nature  video clip 4k copyright free videos copyright music and photos.mp4",
        "imgUrl": "/db/4.jpg",
        "videoTitle": "Road Nature video clip 4k",
        "publisher": "שחר טבוך",
        "publisherImg": "https://yt3.googleusercontent.com/vZNyCeVQwTQb4QbRxgXEaaUF8grFOozlrcJ1gZVHrTXIbyu72KrlaPNCiJU507erdBVlo1mn1c8=s160-c-k-c0x00ffffff-no-rj",
        "views": "51M",
        "date": "2024-03-13",
        "info":"מילים ולחן: שחר טבוך, עידו נצר, עמית מרדכי, חן אהרוני, איתי פורטוגלי",
        "RelatedVideos":[{"id":1}, {"id":2}, {"id":3}, {"id":4}],
        "comments": [
            {
                "id": 1,
                "username": "Natali Levich",
                "image": "https://yt3.googleusercontent.com/ytc/AIdro_lgc0FWvqzHcPWLvYhyWf2MVYMjSd5zREJ6uhRrfYdfFCw=s160-c-k-c0x00ffffff-no-rj",
                "date": "2024-06-01",
                "comment": "מצוין",
                "likes": 2800
            }
        ]
    },
    {
        "id": 5,
        "videoUrl": "5How to make PERFECT CHURROS with Hot Chocolate.mp4",
        "imgUrl": "/db/5.jpg",
        "videoTitle": "How to make PERFECT CHURROS with Hot Chocolate",
        "publisher": "שחר טבוך",
        "publisherImg": "https://yt3.googleusercontent.com/vZNyCeVQwTQb4QbRxgXEaaUF8grFOozlrcJ1gZVHrTXIbyu72KrlaPNCiJU507erdBVlo1mn1c8=s160-c-k-c0x00ffffff-no-rj",
        "views": "51M",
        "date": "2024-03-13",
        "info":"מילים ולחן: שחר טבוך, עידו נצר, עמית מרדכי, חן אהרוני, איתי פורטוגלי",
        "RelatedVideos":[{"id":1}, {"id":2}, {"id":3}, {"id":4}],
        "comments": [
            {
                "id": 1,
                "username": "Natali Levich",
                "image": "https://yt3.googleusercontent.com/ytc/AIdro_lgc0FWvqzHcPWLvYhyWf2MVYMjSd5zREJ6uhRrfYdfFCw=s160-c-k-c0x00ffffff-no-rj",
                "date": "2024-06-01",
                "comment": "מצוין",
                "likes": 2800
            }
        ]
    },
    {
        "id": 6,
        "videoUrl": "6Futuristic interface _ HUD sound effects.mp4",
        "imgUrl": "/db/6.jpg",
        "videoTitle": "Futuristic interface - HUD sound effects",
        "publisher": "שחר טבוך",
        "publisherImg": "https://yt3.googleusercontent.com/vZNyCeVQwTQb4QbRxgXEaaUF8grFOozlrcJ1gZVHrTXIbyu72KrlaPNCiJU507erdBVlo1mn1c8=s160-c-k-c0x00ffffff-no-rj",
        "views": "51M",
        "date": "2024-03-13",
        "info":"מילים ולחן: שחר טבוך, עידו נצר, עמית מרדכי, חן אהרוני, איתי פורטוגלי",
        "RelatedVideos":[{"id":1}, {"id":2}, {"id":3}, {"id":4}],
        "comments": [
            {
                "id": 1,
                "username": "Natali Levich",
                "image": "https://yt3.googleusercontent.com/ytc/AIdro_lgc0FWvqzHcPWLvYhyWf2MVYMjSd5zREJ6uhRrfYdfFCw=s160-c-k-c0x00ffffff-no-rj",
                "date": "2024-06-01",
                "comment": "מצוין",
                "likes": 2800
            }
        ]
    },
    {
        "id": 7,
        "videoUrl": "7Sci-fi Hologram UI Sound Design.mp4",
        "imgUrl": "/db/7.jpg",
        "videoTitle": "Sci-fi Hologram UI Sound Design",
        "publisher": "שחר טבוך",
        "publisherImg": "https://yt3.googleusercontent.com/vZNyCeVQwTQb4QbRxgXEaaUF8grFOozlrcJ1gZVHrTXIbyu72KrlaPNCiJU507erdBVlo1mn1c8=s160-c-k-c0x00ffffff-no-rj",
        "views": "51M",
        "date": "2024-03-13",
        "info":"מילים ולחן: שחר טבוך, עידו נצר, עמית מרדכי, חן אהרוני, איתי פורטוגלי",
        "RelatedVideos":[{"id":1}, {"id":2}, {"id":3}, {"id":4}],
        "comments": [
            {
                "id": 1,
                "username": "Natali Levich",
                "image": "https://yt3.googleusercontent.com/ytc/AIdro_lgc0FWvqzHcPWLvYhyWf2MVYMjSd5zREJ6uhRrfYdfFCw=s160-c-k-c0x00ffffff-no-rj",
                "date": "2024-06-01",
                "comment": "מצוין",
                "likes": 2800
            }
        ]
    },
    {
        "id": 8,
        "videoUrl": "8TASTY CHICKEN CURRY _ Easy food recipes for dinner to make at home - cooking videos.mp4",
        "imgUrl": "/db/8.jpg",
        "videoTitle": "TASTY CHICKEN CURRY - Easy food recipes for dinner to make at home",
        "publisher": "שחר טבוך",
        "publisherImg": "https://yt3.googleusercontent.com/vZNyCeVQwTQb4QbRxgXEaaUF8grFOozlrcJ1gZVHrTXIbyu72KrlaPNCiJU507erdBVlo1mn1c8=s160-c-k-c0x00ffffff-no-rj",
        "views": "51M",
        "date": "2024-03-13",
        "info":"מילים ולחן: שחר טבוך, עידו נצר, עמית מרדכי, חן אהרוני, איתי פורטוגלי",
        "RelatedVideos":[{"id":1}, {"id":2}, {"id":3}, {"id":4}],
        "comments": [
            {
                "id": 1,
                "username": "Natali Levich",
                "image": "https://yt3.googleusercontent.com/ytc/AIdro_lgc0FWvqzHcPWLvYhyWf2MVYMjSd5zREJ6uhRrfYdfFCw=s160-c-k-c0x00ffffff-no-rj",
                "date": "2024-06-01",
                "comment": "מצוין",
                "likes": 2800
            }
        ]
    },
    {
        "id": 9,
        "videoUrl": "9Short Sunset Video Clip (4K) Philippines.mp4",
        "imgUrl": "/db/9.jpg",
        "videoTitle": "hort Sunset Video Clip (4K) Philippines",
        "publisher": "שחר טבוך",
        "publisherImg": "https://yt3.googleusercontent.com/vZNyCeVQwTQb4QbRxgXEaaUF8grFOozlrcJ1gZVHrTXIbyu72KrlaPNCiJU507erdBVlo1mn1c8=s160-c-k-c0x00ffffff-no-rj",
        "views": "51M",
        "date": "2024-03-13",
        "info":"מילים ולחן: שחר טבוך, עידו נצר, עמית מרדכי, חן אהרוני, איתי פורטוגלי",
        "RelatedVideos":[{"id":1}, {"id":2}, {"id":3}, {"id":4}],
        "comments": [
            {
                "id": 1,
                "username": "Natali Levich",
                "image": "https://yt3.googleusercontent.com/ytc/AIdro_lgc0FWvqzHcPWLvYhyWf2MVYMjSd5zREJ6uhRrfYdfFCw=s160-c-k-c0x00ffffff-no-rj",
                "date": "2024-06-01",
                "comment": "מצוין",
                "likes": 2800
            }
        ]
    },
    {
        "id": 10,
        "videoUrl": "10Nature Beautiful short video 720p HD.mp4",
        "imgUrl": "/db/10.jpg",
        "videoTitle": "Nature Beautiful short video",
        "publisher": "שחר טבוך",
        "publisherImg": "https://yt3.googleusercontent.com/vZNyCeVQwTQb4QbRxgXEaaUF8grFOozlrcJ1gZVHrTXIbyu72KrlaPNCiJU507erdBVlo1mn1c8=s160-c-k-c0x00ffffff-no-rj",
        "views": "51M",
        "date": "2024-03-13",
        "info":"מילים ולחן: שחר טבוך, עידו נצר, עמית מרדכי, חן אהרוני, איתי פורטוגלי",
        "RelatedVideos":[{"id":1}, {"id":2}, {"id":3}, {"id":4}],
        "comments": [
            {
                "id": 1,
                "username": "Natali Levich",
                "image": "https://yt3.googleusercontent.com/ytc/AIdro_lgc0FWvqzHcPWLvYhyWf2MVYMjSd5zREJ6uhRrfYdfFCw=s160-c-k-c0x00ffffff-no-rj",
                "date": "2024-06-01",
                "comment": "מצוין",
                "likes": 2800
            }
        ]
    }
]